{
    "sum": 8281055,
    "mean": 237.2591181273816,
    "sumMD": 36195,
    "avrMD": 216.73652694610777,
    "sumSD": 41179,
    "avrSD": 246.5808383233533,
    "max": 468,
    "min": 9
}